{
  "version": "nhanh2_v1",
  "branch": "nhanh2_anomaly",
  "trained_at": "2026-07-21T03:13:29Z",
  "feature_names": [
    "length",
    "special_char_ratio",
    "sql_keyword_count",
    "entropy"
  ],
  "train_rows": 12000,
  "preprocessing": {
    "scale_features": false,
    "log_transform_features": [
      "length"
    ]
  },
  "tuning": {
    "enabled": false,
    "validation_fraction": 0.2
  },
  "algorithms": {
    "isolation_forest": {
      "algorithm": "isolation_forest",
      "contamination": 0.01,
      "fpr": 0.006333,
      "n_benign": 3000,
      "n_false_positives": 19,
      "detection_rate": 0.031917,
      "n_anomalous": 25065,
      "n_true_positives": 800,
      "auc": 0.669631,
      "roc_curve": {
        "fpr": [
          0.0,
          0.004333,
          0.006333,
          0.006667,
          0.008667,
          0.013,
          0.020667,
          0.023,
          0.023333,
          0.025333,
          0.027,
          0.030667,
          0.036,
          0.045667,
          0.051333,
          0.055,
          0.059,
          0.065667,
          0.075,
          0.098333,
          0.121333,
          0.155667,
          0.189333,
          0.222667,
          0.241333,
          0.268,
          0.285667,
          0.299,
          0.313667,
          0.322,
          0.353667,
          0.371667,
          0.383333,
          0.399333,
          0.413,
          0.44,
          0.468333,
          0.494333,
          0.537,
          0.561333,
          0.583333,
          0.603,
          0.621333,
          0.655,
          0.686,
          0.725333,
          0.762667,
          0.809667,
          0.860667,
          0.914667,
          0.992
        ],
        "tpr": [
          0.0,
          0.017794,
          0.033513,
          0.047995,
          0.062677,
          0.074247,
          0.084301,
          0.10764,
          0.127708,
          0.144504,
          0.165849,
          0.192699,
          0.214323,
          0.245482,
          0.264991,
          0.281787,
          0.297506,
          0.309037,
          0.318572,
          0.329902,
          0.338799,
          0.351526,
          0.363814,
          0.372591,
          0.384002,
          0.393896,
          0.409136,
          0.435787,
          0.451187,
          0.479234,
          0.491642,
          0.558787,
          0.58073,
          0.602154,
          0.62326,
          0.640455,
          0.677399,
          0.709914,
          0.724676,
          0.781448,
          0.821464,
          0.849072,
          0.88857,
          0.901696,
          0.912787,
          0.933573,
          0.94614,
          0.956832,
          0.970716,
          0.98448,
          0.994853
        ],
        "thresholds": [
          Infinity,
          0.010688,
          -0.00121,
          -0.014271,
          -0.025104,
          -0.034162,
          -0.044631,
          -0.050327,
          -0.05637,
          -0.061484,
          -0.065851,
          -0.070934,
          -0.075213,
          -0.078232,
          -0.081537,
          -0.084734,
          -0.088144,
          -0.092837,
          -0.099009,
          -0.105719,
          -0.115498,
          -0.127918,
          -0.14058,
          -0.150591,
          -0.154754,
          -0.158241,
          -0.162944,
          -0.165977,
          -0.168951,
          -0.17102,
          -0.174181,
          -0.177222,
          -0.179782,
          -0.182939,
          -0.185296,
          -0.187494,
          -0.189989,
          -0.193124,
          -0.196022,
          -0.19862,
          -0.200575,
          -0.202935,
          -0.204559,
          -0.206148,
          -0.208415,
          -0.210532,
          -0.213398,
          -0.21639,
          -0.219703,
          -0.22372,
          -0.232023
        ]
      }
    },
    "one_class_svm": {
      "algorithm": "one_class_svm",
      "contamination": 0.005,
      "fpr": 0.003,
      "n_benign": 3000,
      "n_false_positives": 9,
      "detection_rate": 0.207301,
      "n_anomalous": 25065,
      "n_true_positives": 5196,
      "auc": 0.901626,
      "roc_curve": {
        "fpr": [
          0.0,
          0.004667,
          0.006,
          0.007,
          0.011667,
          0.017333,
          0.022667,
          0.024667,
          0.027333,
          0.029,
          0.031667,
          0.034,
          0.037333,
          0.039333,
          0.043333,
          0.046667,
          0.048667,
          0.05,
          0.051667,
          0.055,
          0.058,
          0.062667,
          0.066,
          0.071,
          0.077667,
          0.085,
          0.093333,
          0.107667,
          0.118,
          0.125667,
          0.133333,
          0.140667,
          0.150333,
          0.162667,
          0.176,
          0.182,
          0.188333,
          0.193667,
          0.199667,
          0.204,
          0.209,
          0.216333,
          0.223667,
          0.232667,
          0.248,
          0.287667,
          0.326333,
          0.367333,
          0.447333,
          0.609667,
          0.960333
        ],
        "tpr": [
          0.0,
          0.207421,
          0.221105,
          0.243886,
          0.254857,
          0.267624,
          0.278037,
          0.290565,
          0.302853,
          0.316178,
          0.329104,
          0.34235,
          0.353202,
          0.365849,
          0.377299,
          0.391941,
          0.40383,
          0.416756,
          0.4306,
          0.441731,
          0.456294,
          0.468861,
          0.495153,
          0.521205,
          0.545701,
          0.563814,
          0.572392,
          0.582246,
          0.5923,
          0.605506,
          0.633513,
          0.669978,
          0.700499,
          0.732974,
          0.768761,
          0.804109,
          0.817115,
          0.835428,
          0.853341,
          0.869858,
          0.886296,
          0.901536,
          0.917295,
          0.933453,
          0.949013,
          0.962258,
          0.979374,
          0.987433,
          0.995851,
          0.997965,
          1.0
        ],
        "thresholds": [
          Infinity,
          -0.00038,
          -0.134723,
          -0.316251,
          -0.410096,
          -0.513401,
          -0.598417,
          -0.648225,
          -0.681743,
          -0.710687,
          -0.735247,
          -0.762162,
          -0.785375,
          -0.810487,
          -0.831772,
          -0.85532,
          -0.874687,
          -0.893731,
          -0.917069,
          -0.942044,
          -0.970226,
          -1.003349,
          -1.038978,
          -1.080576,
          -1.126301,
          -1.187208,
          -1.250633,
          -1.353937,
          -1.423483,
          -1.479889,
          -1.526282,
          -1.571591,
          -1.62587,
          -1.691674,
          -1.751521,
          -1.824727,
          -1.889261,
          -1.954979,
          -2.016336,
          -2.075336,
          -2.13609,
          -2.199855,
          -2.255506,
          -2.331904,
          -2.421964,
          -2.557626,
          -2.725713,
          -2.881362,
          -3.062217,
          -3.404901,
          -4.75623
        ]
      }
    }
  },
  "chosen_algorithm": "one_class_svm",
  "chosen": {
    "algorithm": "one_class_svm",
    "contamination": 0.005,
    "fpr": 0.003,
    "n_benign": 3000,
    "n_false_positives": 9,
    "detection_rate": 0.207301,
    "n_anomalous": 25065,
    "n_true_positives": 5196,
    "auc": 0.901626,