{
  "tfidf_logreg": {
    "f1_macro": 0.9849336109968765,
    "per_class": {
      "normal": {
        "precision": 0.965599455040872,
        "recall": 0.945,
        "f1-score": 0.9551886792452831,
        "support": 3000.0
      },
      "union_based": {
        "precision": 0.999327731092437,
        "recall": 0.991,
        "f1-score": 0.9951464435146443,
        "support": 3000.0
      },
      "error_based": {
        "precision": 0.9980793854033291,
        "recall": 1.0,
        "f1-score": 0.9990387696251202,
        "support": 1559.0
      },
      "boolean_blind": {
        "precision": 0.9471636952998379,
        "recall": 0.974,
        "f1-score": 0.9603944124897288,
        "support": 3000.0
      },
      "time_blind": {
        "precision": 0.9996667777407531,
        "recall": 1.0,
        "f1-score": 0.9998333611064822,
        "support": 3000.0
      },
      "stacked": {
        "precision": 1.0,
        "recall": 1.0,
        "f1-score": 1.0,
        "support": 73.0
      }
    },
    "confusion_matrix": [
      [
        2835,
        2,
        0,
        163,
        0,
        0
      ],
      [
        27,
        2973,
        0,
        0,
        0,
        0
      ],
      [
        0,
        0,
        1559,
        0,
        0,
        0
      ],
      [
        74,
        0,
        3,
        2922,
        1,
        0
      ],
      [
        0,
        0,
        0,
        0,
        3000,
        0
      ],
      [
        0,
        0,
        0,
        0,
        0,
        73
      ]
    ],
    "latency": {
      "p50_ms": 0.5113475000371182,
      "p95_ms": 0.7005673000776369
    },
    "train_time_s": 9.356403895000085,
    "model_size_bytes": 4081292
  },
  "tfidf_lightgbm": {
    "f1_macro": 0.9927221977607203,
    "per_class": {
      "normal": {
        "precision": 0.9764197940883428,
        "recall": 0.98,
        "f1-score": 0.9782066211944768,
        "support": 3000.0
      },
      "union_based": {
        "precision": 1.0,
        "recall": 1.0,
        "f1-score": 1.0,
        "support": 3000.0
      },
      "error_based": {
        "precision": 1.0,
        "recall": 1.0,
        "f1-score": 1.0,
        "support": 1559.0
      },
      "boolean_blind": {
        "precision": 0.9799263967882235,
        "recall": 0.9763333333333334,
        "f1-score": 0.9781265653698448,
        "support": 3000.0
      },
      "time_blind": {
        "precision": 1.0,
        "recall": 1.0,
        "f1-score": 1.0,
        "support": 3000.0
      },
      "stacked": {
        "precision": 1.0,
        "recall": 1.0,
        "f1-score": 1.0,
        "support": 73.0
      }
    },
    "confusion_matrix": [
      [
        2940,
        0,
        0,
        60,
        0,
        0
      ],
      [
        0,
        3000,
        0,
        0,
        0,
        0
      ],
      [
        0,
        0,
        1559,
        0,
        0,
        0
      ],
      [
        71,
        0,
        0,
        2929,
        0,
        0
      ],
      [
        0,
        0,
        0,
        0,
        3000,
        0
      ],
      [
        0,
        0,
        0,
        0,
        0,
        73
      ]
    ],
    "latency": {
      "p50_ms": 60.00796549994902,
      "p95_ms": 64.09580784999207
    },
    "train_time_s": 264.00423821699997,
    "model_size_bytes": 6278025
  },
  "distilbert": {
    "f1_macro": 0.9919394697248906,
    "per_class": {
      "normal": {
        "precision": 0.9676681907250163,
        "recall": 0.9876666666666667,
        "f1-score": 0.9775651600131969,
        "support": 3000.0
      },
      "union_based": {
        "precision": 1.0,
        "recall": 0.9993333333333333,
        "f1-score": 0.9996665555185061,
        "support": 3000.0
      },
      "error_based": {
        "precision": 1.0,
        "recall": 1.0,
        "f1-score": 1.0,
        "support": 1559.0
      },
      "boolean_blind": {
        "precision": 0.9870483980913429,
        "recall": 0.9653333333333334,
        "f1-score": 0.9760701044826424,
        "support": 3000.0
      },
      "time_blind": {
        "precision": 0.9973386560212908,
        "recall": 0.9993333333333333,
        "f1-score": 0.9983349983349983,
        "support": 3000.0
      },
      "stacked": {
        "precision": 1.0,
        "recall": 1.0,
        "f1-score": 1.0,
        "support": 73.0
      }
    },
    "confusion_matrix": [
      [
        2963,
        0,
        0,
        37,
        0,
        0
      ],
      [
        0,
        2998,
        0,
        0,
        2,
        0
      ],
      [
        0,
        0,
        1559,
        0,
        0,
        0
      ],
      [
        98,
        0,
        0,
        2896,
        6,
        0
      ],
      [
        1,
        0,
        0,
        1,
        2998,
        0
      ],
      [
        0,
        0,
        0,
        0,
        0,
        73
      ]
    ],
    "latency": {
      "p50_ms": 2.7936105000208045,
      "p95_ms": 4.602628549810106
    },
    "train_time_s": 1443.2581926260002,
    "model_size_bytes": 268557782
  },
  "cnn_sqltok": {
    "f1_macro": 0.9871397229518019,
    "per_class": {
      "normal": {
        "precision": 0.9724435590969456,
        "recall": 0.9763333333333334,
        "f1-score": 0.9743845642049235,
        "support": 3000.0
      },
      "union_based": {
        "precision": 1.0,
        "recall": 0.996,
        "f1-score": 0.9979959919839679,
        "support": 3000.0
      },
      "error_based": {
        "precision": 1.0,
        "recall": 1.0,
        "f1-score": 1.0,
        "support": 1559.0
      },
      "boolean_blind": {
        "precision": 0.9728353140916808,
        "recall": 0.955,
        "f1-score": 0.9638351555929352,
        "support": 3000.0
      },
      "time_blind": {
        "precision": 0.9777414075286416,
        "recall": 0.9956666666666667,
        "f1-score": 0.9866226259289843,
        "support": 3000.0
      },
      "stacked": {
        "precision": 1.0,
        "recall": 1.0,
        "f1-score": 1.0,
        "support": 73.0
      }
    },
    "confusion_matrix": [
      [
        2929,
        0,
        0,
        70,
        1,
        0
      ],
      [
        1,
        2988,
        0,
        3,
        8,
        0
      ],
      [
        0,
        0,
        1559,
        0,
        0,
        0
      ],
      [
        76,
        0,
        0,
        2865,
        59,
        0
      ],
      [
        6,
        0,
        0,
        7,
        2987,
        0
      ],
      [
        0,
        0,
        0,
        0,
        0,
        73
      ]
    ],
    "latency": {
      "p50_ms": 0.29301849986040907,
      "p95_ms": 0.34639360019355075
    },
    "train_time_s": 9.872811357000046,
    "n_params": 28678,
    "model_size_bytes": 118969
  }
}